Job Zone,Code,Occupation,Data-level
4,13-2011.00,Accountants and Auditors,Y
2,27-2011.00,Actors,Y
4,15-2011.00,Actuaries,Y
5,29-1291.00,Acupuncturists,Y
3,29-1141.01,Acute Care Nurses,Y
5,25-2059.01,Adapted Physical Education Specialists,Y
2,51-9191.00,Adhesive Bonding Machine Operators and Tenders,Y
5,23-1021.00,"Administrative Law Judges, Adjudicators, and Hearing Officers",Y
3,11-3012.00,Administrative Services Managers,Y
4,25-3011.00,"Adult Basic Education, Adult Secondary Education, and English as a Second Language Instructors",Y
5,29-1141.02,Advanced Practice Psychiatric Nurses,Y
4,11-2011.00,Advertising and Promotions Managers,Y
4,41-3011.00,Advertising Sales Agents,Y
3,17-3021.00,Aerospace Engineering and Operations Technologists and Technicians,Y
4,17-2011.00,Aerospace Engineers,Y
4,13-1011.00,"Agents and Business Managers of Artists, Performers, and Athletes",Y
4,17-2021.00,Agricultural Engineers,Y
1,45-2091.00,Agricultural Equipment Operators,Y
2,45-2011.00,Agricultural Inspectors,Y
5,25-1041.00,"Agricultural Sciences Teachers, Postsecondary",Y
3,19-4012.00,Agricultural Technicians,Y
n/a,45-2099.00,"Agricultural Workers, All Other",
n/a,55-3011.00,Air Crew Members,
n/a,55-1011.00,Air Crew Officers,
3,53-2021.00,Air Traffic Controllers,Y
2,53-1041.00,Aircraft Cargo Handling Supervisors,Y
n/a,55-1012.00,Aircraft Launch and Recovery Officers,
n/a,55-3012.00,Aircraft Launch and Recovery Specialists,
3,49-3011.00,Aircraft Mechanics and Service Technicians,Y
2,53-6032.00,Aircraft Service Attendants,Y
2,51-2011.00,"Aircraft Structure, Surfaces, Rigging, and Systems Assemblers",Y
3,53-2022.00,Airfield Operations Specialists,Y
4,53-2011.00,"Airline Pilots, Copilots, and Flight Engineers",Y
5,29-1229.01,Allergists and Immunologists,Y
2,53-3011.00,"Ambulance Drivers and Attendants, Except Emergency Medical Technicians",Y
1,39-3091.00,Amusement and Recreation Attendants,Y
5,29-1071.01,Anesthesiologist Assistants,Y
5,29-1211.00,Anesthesiologists,Y
2,45-2021.00,Animal Breeders,Y
2,39-2021.00,Animal Caretakers,Y
2,33-9011.00,Animal Control Workers,Y
5,19-1011.00,Animal Scientists,Y
2,39-2011.00,Animal Trainers,Y
5,19-3091.00,Anthropologists and Archeologists,Y
5,25-1061.00,"Anthropology and Archeology Teachers, Postsecondary",Y
4,13-2023.00,Appraisers and Assessors of Real Estate,Y
4,13-2022.00,Appraisers of Personal and Business Property,Y
5,23-1022.00,"Arbitrators, Mediators, and Conciliators",Y
5,17-1011.00,"Architects, Except Landscape and Naval",Y
3,17-3011.00,Architectural and Civil Drafters,Y
5,11-9041.00,Architectural and Engineering Managers,Y
5,25-1031.00,"Architecture Teachers, Postsecondary",Y
5,25-4011.00,Archivists,Y
5,25-1062.00,"Area, Ethnic, and Cultural Studies Teachers, Postsecondary",Y
n/a,55-3013.00,Armored Assault Vehicle Crew Members,
n/a,55-1013.00,Armored Assault Vehicle Officers,
4,27-1011.00,Art Directors,Y
5,29-1129.01,Art Therapists,Y
5,25-1121.00,"Art, Drama, and Music Teachers, Postsecondary",Y
n/a,55-3014.00,Artillery and Missile Crew Members,
n/a,55-1014.00,Artillery and Missile Officers,
n/a,27-1019.00,"Artists and Related Workers, All Other",
n/a,51-2099.00,"Assemblers and Fabricators, All Other",
5,19-2011.00,Astronomers,Y
2,27-2021.00,Athletes and Sports Competitors,Y
5,29-9091.00,Athletic Trainers,Y
4,19-2021.00,Atmospheric and Space Scientists,Y
5,25-1051.00,"Atmospheric, Earth, Marine, and Space Sciences Teachers, Postsecondary",Y
3,27-4011.00,Audio and Video Technicians,Y
5,29-1181.00,Audiologists,Y
3,49-2097.00,Audiovisual Equipment Installers and Repairers,Y
2,53-6031.00,Automotive and Watercraft Service Attendants,Y
2,49-3021.00,Automotive Body and Related Repairers,Y
3,17-3027.01,Automotive Engineering Technicians,Y
4,17-2141.02,Automotive Engineers,Y
2,49-3022.00,Automotive Glass Installers and Repairers,Y
3,49-3023.00,Automotive Service Technicians and Mechanics,Y
3,53-6051.01,Aviation Inspectors,Y
3,49-2091.00,Avionics Technicians,Y
2,39-6011.00,Baggage Porters and Bellhops,Y
3,33-3011.00,Bailiffs,Y
2,51-3011.00,Bakers,Y
3,39-5011.00,Barbers,Y
1,35-3023.01,Baristas,Y
2,35-3011.00,Bartenders,Y
2,49-3091.00,Bicycle Repairers,Y
2,43-3011.00,Bill and Account Collectors,Y
3,43-3021.00,Billing and Posting Clerks,Y
5,19-1021.00,Biochemists and Biophysicists,Y
4,17-2031.00,Bioengineers and Biomedical Engineers,Y
2,51-8099.01,Biofuels Processing Technicians,Y
4,11-3051.03,Biofuels Production Managers,Y
4,11-9041.01,Biofuels/Biodiesel Technology and Product Development Managers,Y
5,19-1029.01,Bioinformatics Scientists,Y
4,15-2099.01,Bioinformatics Technicians,Y
5,25-1042.00,"Biological Science Teachers, Postsecondary",Y
n/a,19-1029.00,"Biological Scientists, All Other",
4,19-4021.00,Biological Technicians,Y
5,19-1029.04,Biologists,Y
2,51-8013.03,Biomass Plant Technicians,Y
4,11-3051.04,Biomass Power Plant Managers,Y
5,15-2041.01,Biostatisticians,Y
4,15-1299.07,Blockchain Engineers,Y
3,47-2011.00,Boilermakers,Y
3,43-3031.00,"Bookkeeping, Accounting, and Auditing Clerks",Y
2,47-2021.00,Brickmasons and Blockmasons,Y
2,53-6011.00,Bridge and Lock Tenders,Y
4,27-3011.00,Broadcast Announcers and Radio Disc Jockeys,Y
3,27-4012.00,Broadcast Technicians,Y
3,43-4011.00,Brokerage Clerks,Y
4,11-9199.11,Brownfield Redevelopment Specialists and Site Managers,Y
4,13-2031.00,Budget Analysts,Y
n/a,37-2019.00,"Building Cleaning Workers, All Other",
3,49-3031.00,Bus and Truck Mechanics and Diesel Engine Specialists,Y
2,53-3051.00,"Bus Drivers, School",Y
2,53-3052.00,"Bus Drivers, Transit and Intercity",Y
4,13-1199.04,Business Continuity Planners,Y
4,15-2051.01,Business Intelligence Analysts,Y
n/a,13-1199.00,"Business Operations Specialists, All Other",
5,25-1011.00,"Business Teachers, Postsecondary",Y
2,51-3021.00,Butchers and Meat Cutters,Y
4,13-1021.00,"Buyers and Purchasing Agents, Farm Products",Y
2,51-7011.00,Cabinetmakers and Bench Carpenters,Y
3,17-3028.00,Calibration Technologists and Technicians,Y
3,49-9061.00,Camera and Photographic Equipment Repairers,Y
3,27-4031.00,"Camera Operators, Television, Video, and Film",Y
3,53-5021.00,"Captains, Mates, and Pilots of Water Vessels",Y
5,29-1212.00,Cardiologists,Y
3,29-2031.00,Cardiovascular Technologists and Technicians,Y
4,25-2023.00,"Career/Technical Education Teachers, Middle School",Y
3,25-1194.00,"Career/Technical Education Teachers, Postsecondary",Y
4,25-2032.00,"Career/Technical Education Teachers, Secondary School",Y
2,43-5011.00,Cargo and Freight Agents,Y
2,47-2031.00,Carpenters,Y
2,47-2041.00,Carpet Installers,Y
4,17-1021.00,Cartographers and Photogrammetrists,Y
2,41-2011.00,Cashiers,Y
1,47-2051.00,Cement Masons and Concrete Finishers,Y
3,35-1011.00,Chefs and Head Cooks,Y
4,17-2041.00,Chemical Engineers,Y
2,51-9011.00,Chemical Equipment Operators and Tenders,Y
2,51-8091.00,Chemical Plant and System Operators,Y
3,19-4031.00,Chemical Technicians,Y
5,25-1052.00,"Chemistry Teachers, Postsecondary",Y
4,19-2031.00,Chemists,Y
5,11-1011.00,Chief Executives,Y
5,11-1011.03,Chief Sustainability Officers,Y
4,21-1021.00,"Child, Family, and School Social Workers",Y
2,39-9011.00,Childcare Workers,Y
5,29-1011.00,Chiropractors,Y
4,27-2032.00,Choreographers,Y
3,17-3022.00,Civil Engineering Technologists and Technicians,Y
4,17-2051.00,Civil Engineers,Y
4,13-1031.00,"Claims Adjusters, Examiners, and Investigators",Y
2,53-7061.00,Cleaners of Vehicles and Equipment,Y
2,51-9192.00,"Cleaning, Washing, and Metal Pickling Equipment Operators and Tenders",Y
5,21-2011.00,Clergy,Y
5,19-2041.01,Climate Change Policy Analysts,Y
5,19-3033.00,Clinical and Counseling Psychologists,Y
4,15-2051.02,Clinical Data Managers,Y
5,19-3039.03,Clinical Neuropsychologists,Y
5,29-1141.04,Clinical Nurse Specialists,Y
4,11-9121.01,Clinical Research Coordinators,Y
4,27-2022.00,Coaches and Scouts,Y
2,51-9124.00,"Coating, Painting, and Spraying Machine Setters, Operators, and Tenders",Y
2,51-2021.00,"Coil Winders, Tapers, and Finishers",Y
2,49-9091.00,"Coin, Vending, and Amusement Machine Servicers and Repairers",Y
n/a,55-1015.00,Command and Control Center Officers,
n/a,55-3015.00,Command and Control Center Specialists,
4,27-1021.00,Commercial and Industrial Designers,Y
3,49-9092.00,Commercial Divers,Y
3,53-2012.00,Commercial Pilots,Y
n/a,43-2099.00,"Communications Equipment Operators, All Other",
5,25-1122.00,"Communications Teachers, Postsecondary",Y
n/a,21-1099.00,"Community and Social Service Specialists, All Other",
4,21-1094.00,Community Health Workers,Y
4,11-3111.00,Compensation and Benefits Managers,Y
4,13-1141.00,"Compensation, Benefits, and Job Analysis Specialists",Y
4,11-9199.02,Compliance Managers,Y
3,13-1041.00,Compliance Officers,Y
5,15-1221.00,Computer and Information Research Scientists,Y
4,11-3021.00,Computer and Information Systems Managers,Y
4,17-2061.00,Computer Hardware Engineers,Y
4,15-1241.00,Computer Network Architects,Y
4,15-1231.00,Computer Network Support Specialists,Y
3,51-9161.00,Computer Numerically Controlled Tool Operators,Y
3,51-9162.00,Computer Numerically Controlled Tool Programmers,Y
n/a,15-1299.00,"Computer Occupations, All Other",
4,15-1251.00,Computer Programmers,Y
5,25-1021.00,"Computer Science Teachers, Postsecondary",Y
4,15-1211.00,Computer Systems Analysts,Y
4,15-1299.08,Computer Systems Engineers/Architects,Y
3,15-1232.00,Computer User Support Specialists,Y
3,49-2011.00,"Computer, Automated Teller, and Office Machine Repairers",Y
3,39-6012.00,Concierges,Y
4,19-1031.00,Conservation Scientists,Y
3,47-4011.00,Construction and Building Inspectors,Y
n/a,47-4099.00,"Construction and Related Workers, All Other",
2,47-2061.00,Construction Laborers,Y
4,11-9021.00,Construction Managers,Y
2,47-5041.00,Continuous Mining Machine Operators,Y
3,49-9012.00,"Control and Valve Installers and Repairers, Except Mechanical Door",Y
1,53-7011.00,Conveyor Operators and Tenders,Y
n/a,35-2019.00,"Cooks, All Other",
1,35-2011.00,"Cooks, Fast Food",Y
2,35-2012.00,"Cooks, Institution and Cafeteria",Y
3,35-2013.00,"Cooks, Private Household",Y
2,35-2014.00,"Cooks, Restaurant",Y
2,35-2015.00,"Cooks, Short Order",Y
2,51-9193.00,Cooling and Freezing Equipment Operators and Tenders,Y
3,13-1041.06,Coroners,Y
2,33-3012.00,Correctional Officers and Jailers,Y
2,43-4021.00,Correspondence Clerks,Y
4,13-1051.00,Cost Estimators,Y
2,39-3092.00,Costume Attendants,Y
n/a,21-1019.00,"Counselors, All Other",
2,41-2021.00,Counter and Rental Clerks,Y
2,43-5021.00,Couriers and Messengers,Y
3,27-3092.00,Court Reporters and Simultaneous Captioners,Y
2,43-4031.00,"Court, Municipal, and License Clerks",Y
3,27-1012.00,Craft Artists,Y
3,53-7021.00,Crane and Tower Operators,Y
4,13-2041.00,Credit Analysts,Y
2,43-4041.00,"Credit Authorizers, Checkers, and Clerks",Y
4,13-2071.00,Credit Counselors,Y
2,39-4012.00,Crematory Operators,Y
5,25-1111.00,"Criminal Justice and Law Enforcement Teachers, Postsecondary",Y
4,29-1141.03,Critical Care Nurses,Y
2,33-9091.00,Crossing Guards and Flaggers,Y
2,51-9021.00,"Crushing, Grinding, and Polishing Machine Setters, Operators, and Tenders",Y
5,25-4012.00,Curators,Y
2,43-4051.00,Customer Service Representatives,Y
3,33-3051.04,Customs and Border Protection Officers,Y
3,13-1041.08,Customs Brokers,Y
1,51-9031.00,"Cutters and Trimmers, Hand",Y
2,51-9032.00,"Cutting and Slicing Machine Setters, Operators, and Tenders",Y
2,51-4031.00,"Cutting, Punching, and Press Machine Setters, Operators, and Tenders, Metal and Plastic",Y
4,29-2011.01,Cytogenetic Technologists,Y
5,29-2011.02,Cytotechnologists,Y
3,27-2031.00,Dancers,Y
2,43-9021.00,Data Entry Keyers,Y
4,15-2051.00,Data Scientists,Y
4,15-1243.01,Data Warehousing Specialists,Y
4,15-1242.00,Database Administrators,Y
4,15-1243.00,Database Architects,Y
2,41-9011.00,Demonstrators and Product Promoters,Y
3,31-9091.00,Dental Assistants,Y
3,29-1292.00,Dental Hygienists,Y
2,51-9081.00,Dental Laboratory Technicians,Y
n/a,29-1029.00,"Dentists, All Other Specialists",
5,29-1021.00,"Dentists, General",Y
5,29-1213.00,Dermatologists,Y
1,47-5011.00,"Derrick Operators, Oil and Gas",Y
n/a,27-1029.00,"Designers, All Other",
3,43-9031.00,Desktop Publishers,Y
3,33-3021.00,Detectives and Criminal Investigators,Y
3,29-2032.00,Diagnostic Medical Sonographers,Y
3,29-2051.00,Dietetic Technicians,Y
5,29-1031.00,Dietitians and Nutritionists,Y
4,15-1299.06,Digital Forensics Analysts,Y
1,35-9011.00,Dining Room and Cafeteria Attendants and Bartender Helpers,Y
4,21-2021.00,"Directors, Religious Activities and Education",Y
2,27-2091.00,"Disc Jockeys, Except Radio",Y
1,35-9021.00,Dishwashers,Y
2,43-5032.00,"Dispatchers, Except Police, Fire, and Ambulance",Y
4,15-1299.03,Document Management Specialists,Y
1,41-9091.00,"Door-to-Door Sales Workers, News and Street Vendors, and Related Workers",Y
n/a,17-3019.00,"Drafters, All Other",
2,53-7031.00,Dredge Operators,Y
2,51-4032.00,"Drilling and Boring Machine Tool Setters, Operators, and Tenders, Metal and Plastic",Y
2,53-3031.00,Driver/Sales Workers,Y
2,47-2081.00,Drywall and Ceiling Tile Installers,Y
2,47-5023.00,"Earth Drillers, Except Oil and Gas",Y
5,25-1063.00,"Economics Teachers, Postsecondary",Y
5,19-3011.00,Economists,Y
4,27-3041.00,Editors,Y
n/a,11-9039.00,"Education Administrators, All Other",
5,11-9032.00,"Education Administrators, Kindergarten through Secondary",Y
5,11-9033.00,"Education Administrators, Postsecondary",Y
4,11-9031.00,"Education and Childcare Administrators, Preschool and Daycare",Y
5,25-1081.00,"Education Teachers, Postsecondary",Y
n/a,25-9099.00,"Educational Instruction and Library Workers, All Other",
5,21-1012.00,"Educational, Guidance, and Career Counselors and Advisors",Y
3,49-2092.00,"Electric Motor, Power Tool, and Related Repairers",Y
3,17-3023.00,Electrical and Electronic Engineering Technologists and Technicians,Y
2,51-2022.00,Electrical and Electronic Equipment Assemblers,Y
3,17-3012.00,Electrical and Electronics Drafters,Y
3,49-2093.00,"Electrical and Electronics Installers and Repairers, Transportation Equipment",Y
3,49-2094.00,"Electrical and Electronics Repairers, Commercial and Industrial Equipment",Y
3,49-2095.00,"Electrical and Electronics Repairers, Powerhouse, Substation, and Relay",Y
4,17-2071.00,Electrical Engineers,Y
2,49-9051.00,Electrical Power-Line Installers and Repairers,Y
3,47-2111.00,Electricians,Y
3,17-3024.00,Electro-Mechanical and Mechatronics Technologists and Technicians,Y
2,51-2023.00,Electromechanical Equipment Assemblers,Y
3,49-2096.00,"Electronic Equipment Installers and Repairers, Motor Vehicles",Y
4,17-2072.00,"Electronics Engineers, Except Computer",Y
4,25-2021.00,"Elementary School Teachers, Except Special Education",Y
3,47-4021.00,Elevator and Escalator Installers and Repairers,Y
3,43-4061.00,"Eligibility Interviewers, Government Programs",Y
3,39-4011.00,Embalmers,Y
4,11-9161.00,Emergency Management Directors,Y
3,29-2042.00,Emergency Medical Technicians,Y
5,29-1214.00,Emergency Medicine Physicians,Y
3,31-9099.02,Endoscopy Technicians,Y
3,47-4011.01,Energy Auditors,Y
4,17-2199.03,"Energy Engineers, Except Wind and Solar",Y
2,51-2031.00,Engine and Other Machine Assemblers,Y
5,25-1032.00,"Engineering Teachers, Postsecondary",Y
n/a,17-3029.00,"Engineering Technologists and Technicians, Except Drafters, All Other",
n/a,17-2199.00,"Engineers, All Other",
5,25-1123.00,"English Language and Literature Teachers, Postsecondary",Y
n/a,27-2099.00,"Entertainers and Performers, Sports and Related Workers, All Other",
4,11-9072.00,"Entertainment and Recreation Managers, Except Gambling",Y
n/a,39-3099.00,"Entertainment Attendants and Related Workers, All Other",
4,13-1041.01,Environmental Compliance Inspectors,Y
5,19-3011.01,Environmental Economists,Y
4,17-3025.00,Environmental Engineering Technologists and Technicians,Y
4,17-2081.00,Environmental Engineers,Y
5,19-2041.02,Environmental Restoration Planners,Y
4,19-4042.00,"Environmental Science and Protection Technicians, Including Health",Y
5,25-1053.00,"Environmental Science Teachers, Postsecondary",Y
4,19-2041.00,"Environmental Scientists and Specialists, Including Health",Y
5,19-1041.00,Epidemiologists,Y
4,13-1041.03,Equal Opportunity Representatives and Officers,Y
2,51-9194.00,Etchers and Engravers,Y
2,47-5022.00,"Excavating and Loading Machine and Dragline Operators, Surface Mining",Y
3,43-6011.00,Executive Secretaries and Executive Administrative Assistants,Y
4,29-1128.00,Exercise Physiologists,Y
3,39-9031.00,Exercise Trainers and Group Fitness Instructors,Y
2,47-5032.00,"Explosives Workers, Ordnance Handling Experts, and Blasters",Y
n/a,47-5099.00,"Extraction Workers, All Other",
2,51-4021.00,"Extruding and Drawing Machine Setters, Operators, and Tenders, Metal and Plastic",Y
2,51-6091.00,"Extruding and Forming Machine Setters, Operators, and Tenders, Synthetic and Glass Fibers",Y
2,51-9041.00,"Extruding, Forming, Pressing, and Compacting Machine Setters, Operators, and Tenders",Y
3,51-6092.00,Fabric and Apparel Patternmakers,Y
3,11-3013.00,Facilities Managers,Y
1,45-4021.00,Fallers,Y
5,25-1192.00,"Family and Consumer Sciences Teachers, Postsecondary",Y
5,29-1215.00,Family Medicine Physicians,Y
5,25-9021.00,Farm and Home Management Educators,Y
3,49-3041.00,Farm Equipment Mechanics and Service Technicians,Y
2,13-1074.00,Farm Labor Contractors,Y
4,11-9013.00,"Farmers, Ranchers, and Other Agricultural Managers",Y
1,45-2092.00,"Farmworkers and Laborers, Crop, Nursery, and Greenhouse",Y
2,45-2093.00,"Farmworkers, Farm, Ranch, and Aquacultural Animals",Y
3,27-1022.00,Fashion Designers,Y
1,35-3023.00,Fast Food and Counter Workers,Y
2,47-4031.00,Fence Erectors,Y
2,51-2051.00,Fiberglass Laminators and Fabricators,Y
2,43-4071.00,File Clerks,Y
4,27-4032.00,Film and Video Editors,Y
4,13-2051.00,Financial and Investment Analysts,Y
n/a,43-3099.00,"Financial Clerks, All Other",
4,13-2061.00,Financial Examiners,Y
4,11-3031.00,Financial Managers,Y
5,13-2099.01,Financial Quantitative Analysts,Y
4,13-2054.00,Financial Risk Specialists,Y
n/a,13-2099.00,"Financial Specialists, All Other",
3,27-1013.00,"Fine Artists, Including Painters, Sculptors, and Illustrators",Y
3,33-2021.00,Fire Inspectors and Investigators,Y
4,17-2111.02,Fire-Prevention and Protection Engineers,Y
3,33-2011.00,Firefighters,Y
n/a,55-2011.00,First-Line Supervisors of Air Crew Members,
n/a,55-2013.00,First-Line Supervisors of All Other Tactical Operations Specialists,
3,47-1011.00,First-Line Supervisors of Construction Trades and Extraction Workers,Y
3,33-1011.00,First-Line Supervisors of Correctional Officers,Y
2,39-1014.00,"First-Line Supervisors of Entertainment and Recreation Workers, Except Gambling Services",Y
3,45-1011.00,"First-Line Supervisors of Farming, Fishing, and Forestry Workers",Y
3,33-1021.00,First-Line Supervisors of Firefighting and Prevention Workers,Y
2,35-1012.00,First-Line Supervisors of Food Preparation and Serving Workers,Y
2,39-1013.00,First-Line Supervisors of Gambling Services Workers,Y
2,53-1042.00,"First-Line Supervisors of Helpers, Laborers, and Material Movers, Hand",Y
2,37-1011.00,First-Line Supervisors of Housekeeping and Janitorial Workers,Y
3,37-1012.00,"First-Line Supervisors of Landscaping, Lawn Service, and Groundskeeping Workers",Y
2,53-1043.00,First-Line Supervisors of Material-Moving Machine and Vehicle Operators,Y
3,49-1011.00,"First-Line Supervisors of Mechanics, Installers, and Repairers",Y
4,41-1012.00,First-Line Supervisors of Non-Retail Sales Workers,Y
3,43-1011.00,First-Line Supervisors of Office and Administrative Support Workers,Y
3,53-1044.00,First-Line Supervisors of Passenger Attendants,Y
3,39-1022.00,First-Line Supervisors of Personal Service Workers,Y
3,33-1012.00,First-Line Supervisors of Police and Detectives,Y
3,51-1011.00,First-Line Supervisors of Production and Operating Workers,Y
n/a,33-1099.00,"First-Line Supervisors of Protective Service Workers, All Other",
2,41-1011.00,First-Line Supervisors of Retail Sales Workers,Y
2,33-1091.00,First-Line Supervisors of Security Workers,Y
n/a,53-1049.00,"First-Line Supervisors of Transportation Workers, All Other",
n/a,55-2012.00,First-Line Supervisors of Weapons Specialists/Crew Members,
4,33-3031.00,Fish and Game Wardens,Y
1,45-3031.00,Fishing and Hunting Workers,Y
4,11-9179.01,Fitness and Wellness Coordinators,Y
2,53-2031.00,Flight Attendants,Y
2,47-2042.00,"Floor Layers, Except Carpet, Wood, and Hard Tiles",Y
1,47-2043.00,Floor Sanders and Finishers,Y
2,27-1023.00,Floral Designers,Y
2,51-3091.00,"Food and Tobacco Roasting, Baking, and Drying Machine Operators and Tenders",Y
2,51-3092.00,Food Batchmakers,Y
2,51-3093.00,Food Cooking Machine Operators and Tenders,Y
n/a,35-9099.00,"Food Preparation and Serving Related Workers, All Other",
1,35-2021.00,Food Preparation Workers,Y
n/a,51-3099.00,"Food Processing Workers, All Other",
3,19-4013.00,Food Science Technicians,Y
4,19-1012.00,Food Scientists and Technologists,Y
2,35-3041.00,"Food Servers, Nonrestaurant",Y
2,11-9051.00,Food Service Managers,Y
5,25-1124.00,"Foreign Language and Literature Teachers, Postsecondary",Y
4,19-4092.00,Forensic Science Technicians,Y
3,19-4071.00,Forest and Conservation Technicians,Y
3,45-4011.00,Forest and Conservation Workers,Y
3,33-2022.00,Forest Fire Inspectors and Prevention Specialists,Y
4,19-1032.00,Foresters,Y
5,25-1043.00,"Forestry and Conservation Science Teachers, Postsecondary",Y
2,51-4022.00,"Forging Machine Setters, Operators, and Tenders, Metal and Plastic",Y
2,51-4071.00,Foundry Mold and Coremakers,Y
4,13-2099.04,"Fraud Examiners, Investigators and Analysts",Y
2,43-5011.01,Freight Forwarders,Y
4,17-2141.01,Fuel Cell Engineers,Y
4,13-1131.00,Fundraisers,Y
4,11-2033.00,Fundraising Managers,Y
2,39-4021.00,Funeral Attendants,Y
3,11-9171.00,Funeral Home Managers,Y
2,51-9051.00,"Furnace, Kiln, Oven, Drier, and Kettle Operators and Tenders",Y
2,51-7021.00,Furniture Finishers,Y
2,39-3012.00,Gambling and Sports Book Writers and Runners,Y
2,43-3041.00,Gambling Cage Workers,Y
2,41-2012.00,Gambling Change Persons and Booth Cashiers,Y
2,39-3011.00,Gambling Dealers,Y
3,11-9071.00,Gambling Managers,Y
n/a,39-3019.00,"Gambling Service Workers, All Other",
2,33-9031.00,Gambling Surveillance Officers and Gambling Investigators,Y
2,53-7071.00,Gas Compressor and Gas Pumping Station Operators,Y
3,51-8092.00,Gas Plant Operators,Y
3,51-9071.06,Gem and Diamond Workers,Y
4,11-1021.00,General and Operations Managers,Y
5,29-1216.00,General Internal Medicine Physicians,Y
5,29-9092.00,Genetic Counselors,Y
5,19-1029.03,Geneticists,Y
4,17-1022.01,Geodetic Surveyors,Y
5,19-3092.00,Geographers,Y
4,15-1299.02,Geographic Information Systems Technologists and Technicians,Y
5,25-1064.00,"Geography Teachers, Postsecondary",Y
4,19-4043.00,"Geological Technicians, Except Hydrologic Technicians",Y
5,19-2042.00,"Geoscientists, Except Hydrologists and Geographers",Y
3,11-3051.02,Geothermal Production Managers,Y
2,49-9099.01,Geothermal Technicians,Y
2,51-9195.04,"Glass Blowers, Molders, Benders, and Finishers",Y
2,47-2121.00,Glaziers,Y
3,13-1041.04,Government Property Inspectors and Investigators,Y
1,45-2041.00,"Graders and Sorters, Agricultural Products",Y
4,27-1024.00,Graphic Designers,Y
1,51-9022.00,"Grinding and Polishing Workers, Hand",Y
2,51-4033.00,"Grinding, Lapping, Polishing, and Buffing Machine Tool Setters, Operators, and Tenders, Metal and Plastic",Y
n/a,37-3019.00,"Grounds Maintenance Workers, All Other",
3,39-5012.00,"Hairdressers, Hairstylists, and Cosmetologists",Y
3,47-4041.00,Hazardous Materials Removal Workers,Y
4,17-2111.00,"Health and Safety Engineers, Except Mining Safety Engineers and Inspectors",Y
4,21-1091.00,Health Education Specialists,Y
4,15-1211.01,Health Informatics Specialists,Y
3,29-9021.00,Health Information Technologists and Medical Registrars,Y
5,25-1071.00,"Health Specialties Teachers, Postsecondary",Y
n/a,29-2099.00,"Health Technologists and Technicians, All Other",
n/a,29-1299.00,"Healthcare Diagnosing or Treating Practitioners, All Other",
n/a,29-9099.00,"Healthcare Practitioners and Technical Workers, All Other",
5,21-1022.00,Healthcare Social Workers,Y
n/a,31-9099.00,"Healthcare Support Workers, All Other",
3,29-2092.00,Hearing Aid Specialists,Y
2,51-4191.00,"Heat Treating Equipment Setters, Operators, and Tenders, Metal and Plastic",Y
3,49-9021.00,"Heating, Air Conditioning, and Refrigeration Mechanics and Installers",Y
2,53-3032.00,Heavy and Tractor-Trailer Truck Drivers,Y
n/a,47-3019.00,"Helpers, Construction Trades, All Other",
2,47-3011.00,"Helpers--Brickmasons, Blockmasons, Stonemasons, and Tile and Marble Setters",Y
2,47-3012.00,Helpers--Carpenters,Y
2,47-3013.00,Helpers--Electricians,Y
2,47-5081.00,Helpers--Extraction Workers,Y
2,49-9098.00,"Helpers--Installation, Maintenance, and Repair Workers",Y
1,47-3014.00,"Helpers--Painters, Paperhangers, Plasterers, and Stucco Masons",Y
2,47-3015.00,"Helpers--Pipelayers, Plumbers, Pipefitters, and Steamfitters",Y
2,51-9198.00,Helpers--Production Workers,Y
2,47-3016.00,Helpers--Roofers,Y
2,47-4051.00,Highway Maintenance Workers,Y
3,29-2012.01,Histology Technicians,Y
5,19-3093.00,Historians,Y
5,25-1125.00,"History Teachers, Postsecondary",Y
4,29-2011.04,Histotechnologists,Y
2,53-7041.00,Hoist and Winch Operators,Y
2,49-9031.00,Home Appliance Repairers,Y
2,31-1121.00,Home Health Aides,Y
5,29-1229.02,Hospitalists,Y
2,35-9031.00,"Hosts and Hostesses, Restaurant, Lounge, and Coffee Shop",Y
2,43-4081.00,"Hotel, Motel, and Resort Desk Clerks",Y
5,17-2112.01,Human Factors Engineers and Ergonomists,Y
3,43-4161.00,"Human Resources Assistants, Except Payroll and Timekeeping",Y
4,11-3121.00,Human Resources Managers,Y
4,13-1071.00,Human Resources Specialists,Y
3,51-8013.04,Hydroelectric Plant Technicians,Y
3,11-3051.06,Hydroelectric Production Managers,Y
3,19-4044.00,Hydrologic Technicians,Y
5,19-2043.00,Hydrologists,Y
5,19-2041.03,Industrial Ecologists,Y
3,17-3026.00,Industrial Engineering Technologists and Technicians,Y
4,17-2112.00,Industrial Engineers,Y
3,49-9041.00,Industrial Machinery Mechanics,Y
4,11-3051.00,Industrial Production Managers,Y
2,53-7051.00,Industrial Truck and Tractor Operators,Y
5,19-3032.00,Industrial-Organizational Psychologists,Y
n/a,55-3016.00,Infantry,
n/a,55-1016.00,Infantry Officers,
n/a,43-4199.00,"Information and Record Clerks, All Other",
4,15-1212.00,Information Security Analysts,Y
4,15-1299.05,Information Security Engineers,Y
4,15-1299.09,Information Technology Project Managers,Y
2,51-9061.00,"Inspectors, Testers, Sorters, Samplers, and Weighers",Y
n/a,49-9099.00,"Installation, Maintenance, and Repair Workers, All Other",
5,25-9031.00,Instructional Coordinators,Y
2,47-2131.00,"Insulation Workers, Floor, Ceiling, and Wall",Y
2,47-2132.00,"Insulation Workers, Mechanical",Y
3,13-1032.00,"Insurance Appraisers, Auto Damage",Y
2,43-9041.00,Insurance Claims and Policy Processing Clerks,Y
4,41-3021.00,Insurance Sales Agents,Y
4,13-2053.00,Insurance Underwriters,Y
4,33-3021.06,Intelligence Analysts,Y
4,27-1025.00,Interior Designers,Y
4,27-3091.00,Interpreters and Translators,Y
3,43-4111.00,"Interviewers, Except Eligibility and Loan",Y
5,11-3031.03,Investment Fund Managers,Y
2,37-2011.00,"Janitors and Cleaners, Except Maids and Housekeeping Cleaners",Y
3,51-9071.00,Jewelers and Precious Stone and Metal Workers,Y
5,23-1023.00,"Judges, Magistrate Judges, and Magistrates",Y
5,23-1012.00,Judicial Law Clerks,Y
4,25-2012.00,"Kindergarten Teachers, Except Special Education",Y
4,13-1075.00,Labor Relations Specialists,Y
2,53-7062.00,"Laborers and Freight, Stock, and Material Movers, Hand",Y
4,17-1012.00,Landscape Architects,Y
1,37-3011.00,Landscaping and Groundskeeping Workers,Y
2,51-4034.00,"Lathe and Turning Machine Tool Setters, Operators, and Tenders, Metal and Plastic",Y
1,51-6011.00,Laundry and Dry-Cleaning Workers,Y
5,25-1112.00,"Law Teachers, Postsecondary",Y
5,23-1011.00,Lawyers,Y
2,51-4192.00,"Layout Workers, Metal and Plastic",Y
3,43-6012.00,Legal Secretaries and Administrative Assistants,Y
n/a,23-2099.00,"Legal Support Workers, All Other",
4,11-1031.00,Legislators,Y
5,25-4022.00,Librarians and Media Collections Specialists,Y
2,43-4121.00,"Library Assistants, Clerical",Y
5,25-1082.00,"Library Science Teachers, Postsecondary",Y
3,25-4031.00,Library Technicians,Y
3,29-2061.00,Licensed Practical and Licensed Vocational Nurses,Y
n/a,19-1099.00,"Life Scientists, All Other",
n/a,19-4099.00,"Life, Physical, and Social Science Technicians, All Other",
2,33-9092.00,"Lifeguards, Ski Patrol, and Other Recreational Protective Service Workers",Y
2,53-3033.00,Light Truck Drivers,Y
3,27-4015.00,Lighting Technicians,Y
2,47-5044.00,"Loading and Moving Machine Operators, Underground Mining",Y
3,43-4131.00,Loan Interviewers and Clerks,Y
4,13-2072.00,Loan Officers,Y
2,39-3093.00,"Locker Room, Coatroom, and Dressing Room Attendants",Y
2,49-9094.00,Locksmiths and Safe Repairers,Y
2,53-4011.00,Locomotive Engineers,Y
4,11-9081.00,Lodging Managers,Y
2,45-4023.00,Log Graders and Scalers,Y
1,45-4022.00,Logging Equipment Operators,Y
n/a,45-4029.00,"Logging Workers, All Other",
4,13-1081.00,Logisticians,Y
4,13-1081.02,Logistics Analysts,Y
4,13-1081.01,Logistics Engineers,Y
4,11-9199.08,Loss Prevention Managers,Y
5,29-1122.01,"Low Vision Therapists, Orientation and Mobility Specialists, and Vision Rehabilitation Therapists",Y
2,53-7063.00,Machine Feeders and Offbearers,Y
3,51-4041.00,Machinists,Y
3,29-2035.00,Magnetic Resonance Imaging Technologists,Y
1,37-2012.00,Maids and Housekeeping Cleaners,Y
2,43-9051.00,"Mail Clerks and Mail Machine Operators, Except Postal Service",Y
3,49-9071.00,"Maintenance and Repair Workers, General",Y
3,49-9043.00,"Maintenance Workers, Machinery",Y
3,39-5091.00,"Makeup Artists, Theatrical and Performance",Y
4,13-1111.00,Management Analysts,Y
n/a,11-9199.00,"Managers, All Other",
2,39-5092.00,Manicurists and Pedicurists,Y
2,49-9095.00,Manufactured Building and Mobile Home Installers,Y
4,17-2112.03,Manufacturing Engineers,Y
4,17-2121.00,Marine Engineers and Naval Architects,Y
4,13-1161.00,Market Research Analysts and Marketing Specialists,Y
4,11-2021.00,Marketing Managers,Y
5,21-1013.00,Marriage and Family Therapists,Y
3,31-9011.00,Massage Therapists,Y
n/a,53-7199.00,"Material Moving Workers, All Other",
4,17-2131.00,Materials Engineers,Y
5,19-2032.00,Materials Scientists,Y
n/a,15-2099.00,"Mathematical Science Occupations, All Other",
5,25-1022.00,"Mathematical Science Teachers, Postsecondary",Y
5,15-2021.00,Mathematicians,Y
1,51-3022.00,"Meat, Poultry, and Fish Cutters and Trimmers",Y
2,49-9011.00,Mechanical Door Repairers,Y
3,17-3013.00,Mechanical Drafters,Y
3,17-3027.00,Mechanical Engineering Technologists and Technicians,Y
4,17-2141.00,Mechanical Engineers,Y
4,17-2199.05,Mechatronics Engineers,Y
n/a,27-4099.00,"Media and Communication Equipment Workers, All Other",
n/a,27-3099.00,"Media and Communication Workers, All Other",
4,27-2012.03,Media Programming Directors,Y
4,27-2012.05,Media Technical Directors/Managers,Y
3,29-2012.00,Medical and Clinical Laboratory Technicians,Y
4,29-2011.00,Medical and Clinical Laboratory Technologists,Y
4,11-9111.00,Medical and Health Services Managers,Y
3,51-9082.00,Medical Appliance Technicians,Y
3,31-9092.00,Medical Assistants,Y
3,29-2036.00,Medical Dosimetrists,Y
2,31-9093.00,Medical Equipment Preparers,Y
3,49-9062.00,Medical Equipment Repairers,Y
3,29-2072.00,Medical Records Specialists,Y
5,19-1042.00,"Medical Scientists, Except Epidemiologists",Y
2,43-6013.00,Medical Secretaries and Administrative Assistants,Y
3,31-9094.00,Medical Transcriptionists,Y
4,13-1121.00,"Meeting, Convention, and Event Planners",Y
5,21-1023.00,Mental Health and Substance Abuse Social Workers,Y
5,21-1014.00,Mental Health Counselors,Y
3,27-1026.00,Merchandise Displayers and Window Trimmers,Y
n/a,51-4199.00,"Metal Workers and Plastic Workers, All Other",
2,51-4051.00,Metal-Refining Furnace Operators and Tenders,Y
2,43-5041.00,"Meter Readers, Utilities",Y
5,19-1022.00,Microbiologists,Y
5,17-2199.06,Microsystems Engineers,Y
4,25-2022.00,"Middle School Teachers, Except Special and Career/Technical Education",Y
5,29-9099.01,Midwives,Y
n/a,55-3019.00,"Military Enlisted Tactical Operations and Air/Weapons Specialists and Crew Members, All Other",
n/a,55-1019.00,"Military Officer Special and Tactical Operations Leaders, All Other",
2,51-4035.00,"Milling and Planing Machine Setters, Operators, and Tenders, Metal and Plastic",Y
2,49-9044.00,Millwrights,Y
4,17-2151.00,"Mining and Geological Engineers, Including Mining Safety Engineers",Y
2,51-9023.00,"Mixing and Blending Machine Setters, Operators, and Tenders",Y
3,49-3042.00,"Mobile Heavy Equipment Mechanics, Except Engines",Y
3,51-4061.00,"Model Makers, Metal and Plastic",Y
3,51-7031.00,"Model Makers, Wood",Y
2,41-9012.00,Models,Y
2,51-9195.00,"Molders, Shapers, and Casters, Except Metal and Plastic",Y
2,51-4072.00,"Molding, Coremaking, and Casting Machine Setters, Operators, and Tenders, Metal and Plastic",Y
5,19-1029.02,Molecular and Cellular Biologists,Y
3,39-4031.00,"Morticians, Undertakers, and Funeral Arrangers",Y
2,39-3021.00,Motion Picture Projectionists,Y
n/a,53-3099.00,"Motor Vehicle Operators, All Other",
3,49-3051.00,Motorboat Mechanics and Service Technicians,Y
2,53-5022.00,Motorboat Operators,Y
3,49-3052.00,Motorcycle Mechanics,Y
2,51-4081.00,"Multiple Machine Tool Setters, Operators, and Tenders, Metal and Plastic",Y
4,25-4013.00,Museum Technicians and Conservators,Y
4,27-2041.00,Music Directors and Composers,Y
4,29-1129.02,Music Therapists,Y
3,49-9063.00,Musical Instrument Repairers and Tuners,Y
4,27-2042.00,Musicians and Singers,Y
2,39-9011.01,Nannies,Y
5,17-2199.09,Nanosystems Engineers,Y
4,17-3026.01,Nanotechnology Engineering Technologists and Technicians,Y
5,11-9121.00,Natural Sciences Managers,Y
5,29-1299.01,Naturopathic Physicians,Y
4,15-1244.00,Network and Computer Systems Administrators,Y
3,29-2099.01,Neurodiagnostic Technologists,Y
5,29-1217.00,Neurologists,Y
5,19-3039.02,Neuropsychologists,Y
3,43-4141.00,New Accounts Clerks,Y
4,27-3023.00,"News Analysts, Reporters, and Journalists",Y
2,17-3029.01,Non-Destructive Testing Specialists,Y
4,17-2161.00,Nuclear Engineers,Y
3,29-2033.00,Nuclear Medicine Technologists,Y
3,19-4051.02,Nuclear Monitoring Technicians,Y
3,51-8011.00,Nuclear Power Reactor Operators,Y
3,19-4051.00,Nuclear Technicians,Y
5,29-1151.00,Nurse Anesthetists,Y
5,29-1161.00,Nurse Midwives,Y
5,29-1171.00,Nurse Practitioners,Y
3,31-1131.00,Nursing Assistants,Y
5,25-1072.00,"Nursing Instructors and Teachers, Postsecondary",Y
5,29-1218.00,Obstetricians and Gynecologists,Y
4,19-5011.00,Occupational Health and Safety Specialists,Y
3,19-5012.00,Occupational Health and Safety Technicians,Y
5,29-1122.00,Occupational Therapists,Y
3,31-2012.00,Occupational Therapy Aides,Y
3,31-2011.00,Occupational Therapy Assistants,Y
n/a,43-9199.00,"Office and Administrative Support Workers, All Other",
2,43-9061.00,"Office Clerks, General",Y
2,43-9071.00,"Office Machine Operators, Except Computer",Y
4,13-1199.06,Online Merchants,Y
2,47-2073.00,Operating Engineers and Other Construction Equipment Operators,Y
5,15-2031.00,Operations Research Analysts,Y
2,51-9083.00,Ophthalmic Laboratory Technicians,Y
3,29-2057.00,Ophthalmic Medical Technicians,Y
3,29-2099.05,Ophthalmic Medical Technologists,Y
5,29-1241.00,"Ophthalmologists, Except Pediatric",Y
3,29-2081.00,"Opticians, Dispensing",Y
5,29-1041.00,Optometrists,Y
5,29-1022.00,Oral and Maxillofacial Surgeons,Y
2,43-4151.00,Order Clerks,Y
2,31-1132.00,Orderlies,Y
5,29-1023.00,Orthodontists,Y
5,29-1242.00,"Orthopedic Surgeons, Except Pediatric",Y
5,29-1299.02,Orthoptists,Y
5,29-2091.00,Orthotists and Prosthetists,Y
2,49-3053.00,Outdoor Power Equipment and Other Small Engine Mechanics,Y
2,51-9111.00,Packaging and Filling Machine Operators and Tenders,Y
2,53-7064.00,"Packers and Packagers, Hand",Y
2,47-2141.00,"Painters, Construction and Maintenance",Y
1,51-9123.00,"Painting, Coating, and Decorating Workers",Y
2,51-9196.00,"Paper Goods Machine Setters, Operators, and Tenders",Y
2,47-2142.00,Paperhangers,Y
3,23-2011.00,Paralegals and Legal Assistants,Y
3,29-2043.00,Paramedics,Y
4,19-1031.03,Park Naturalists,Y
2,53-6021.00,Parking Attendants,Y
2,33-3041.00,Parking Enforcement Workers,Y
2,41-2022.00,Parts Salespersons,Y
2,53-6061.00,Passenger Attendants,Y
3,29-2099.08,Patient Representatives,Y
3,51-4062.00,"Patternmakers, Metal and Plastic",Y
3,51-7032.00,"Patternmakers, Wood",Y
2,47-2071.00,"Paving, Surfacing, and Tamping Equipment Operators",Y
3,43-3051.00,Payroll and Timekeeping Clerks,Y
5,29-1243.00,Pediatric Surgeons,Y
5,29-1221.00,"Pediatricians, General",Y
4,15-1299.04,Penetration Testers,Y
2,31-1122.00,Personal Care Aides,Y
n/a,39-9099.00,"Personal Care and Service Workers, All Other",
4,13-2052.00,Personal Financial Advisors,Y
n/a,11-9179.00,"Personal Service Managers, All Other",
2,37-2021.00,Pest Control Workers,Y
2,37-3012.00,"Pesticide Handlers, Sprayers, and Applicators, Vegetation",Y
4,17-2171.00,Petroleum Engineers,Y
2,51-8093.00,"Petroleum Pump System Operators, Refinery Operators, and Gaugers",Y
5,29-1051.00,Pharmacists,Y
2,31-9095.00,Pharmacy Aides,Y
3,29-2052.00,Pharmacy Technicians,Y
5,25-1126.00,"Philosophy and Religion Teachers, Postsecondary",Y
3,31-9097.00,Phlebotomists,Y
3,27-4021.00,Photographers,Y
2,51-9151.00,Photographic Process Workers and Processing Machine Operators,Y
4,17-2199.07,Photonics Engineers,Y
3,17-3029.08,Photonics Technicians,Y
5,29-1229.04,Physical Medicine and Rehabilitation Physicians,Y
n/a,19-2099.00,"Physical Scientists, All Other",
2,31-2022.00,Physical Therapist Aides,Y
3,31-2021.00,Physical Therapist Assistants,Y
5,29-1123.00,Physical Therapists,Y
5,29-1071.00,Physician Assistants,Y
n/a,29-1229.00,"Physicians, All Other",
5,29-1222.00,"Physicians, Pathologists",Y
5,19-2012.00,Physicists,Y
5,25-1054.00,"Physics Teachers, Postsecondary",Y
2,47-2072.00,Pile Driver Operators,Y
2,47-2151.00,Pipelayers,Y
n/a,51-8099.00,"Plant and System Operators, All Other",
1,47-2161.00,Plasterers and Stucco Masons,Y
2,51-4193.00,"Plating Machine Setters, Operators, and Tenders, Metal and Plastic",Y
3,47-2152.00,"Plumbers, Pipefitters, and Steamfitters",Y
5,29-1081.00,Podiatrists,Y
4,27-3043.05,"Poets, Lyricists and Creative Writers",Y
3,33-3051.00,Police and Sheriff's Patrol Officers,Y
3,33-3021.02,Police Identification and Records Officers,Y
5,25-1065.00,"Political Science Teachers, Postsecondary",Y
5,19-3094.00,Political Scientists,Y
2,43-5051.00,Postal Service Clerks,Y
2,43-5052.00,Postal Service Mail Carriers,Y
2,43-5053.00,"Postal Service Mail Sorters, Processors, and Processing Machine Operators",Y
2,11-9131.00,Postmasters and Mail Superintendents,Y
n/a,25-1199.00,"Postsecondary Teachers, All Other",
3,51-9195.05,"Potters, Manufacturing",Y
2,51-4052.00,"Pourers and Casters, Metal",Y
3,51-8012.00,Power Distributors and Dispatchers,Y
2,51-8013.00,Power Plant Operators,Y
4,19-4012.01,Precision Agriculture Technicians,Y
n/a,49-9069.00,"Precision Instrument and Equipment Repairers, All Other",
3,51-5111.00,Prepress Technicians and Workers,Y
3,25-2011.00,"Preschool Teachers, Except Special Education",Y
1,51-6021.00,"Pressers, Textile, Garment, and Related Materials",Y
5,29-1229.05,Preventive Medicine Physicians,Y
2,51-5113.00,Print Binding and Finishing Workers,Y
2,51-5112.00,Printing Press Operators,Y
3,33-9021.00,Private Detectives and Investigators,Y
4,21-1092.00,Probation Officers and Correctional Treatment Specialists,Y
2,43-3061.00,Procurement Clerks,Y
4,27-2012.00,Producers and Directors,Y
n/a,51-9199.00,"Production Workers, All Other",
2,43-5061.00,"Production, Planning, and Expediting Clerks",Y
4,13-1082.00,Project Management Specialists,Y
4,43-9081.00,Proofreaders and Copy Markers,Y
4,11-9141.00,"Property, Real Estate, and Community Association Managers",Y
5,29-1024.00,Prosthodontists,Y
n/a,33-9099.00,"Protective Service Workers, All Other",
2,31-1133.00,Psychiatric Aides,Y
3,29-2053.00,Psychiatric Technicians,Y
5,29-1223.00,Psychiatrists,Y
n/a,19-3039.00,"Psychologists, All Other",
5,25-1066.00,"Psychology Teachers, Postsecondary",Y
4,11-2032.00,Public Relations Managers,Y
4,27-3031.00,Public Relations Specialists,Y
2,43-5031.00,Public Safety Telecommunicators,Y
2,53-7072.00,"Pump Operators, Except Wellhead Pumpers",Y
4,13-1023.00,"Purchasing Agents, Except Wholesale, Retail, and Farm Products",Y
4,11-3061.00,Purchasing Managers,Y
3,19-4099.01,Quality Control Analysts,Y
4,11-3051.01,Quality Control Systems Managers,Y
3,29-1124.00,Radiation Therapists,Y
4,17-2072.01,Radio Frequency Identification Device Specialists,Y
3,49-2021.00,"Radio, Cellular, and Tower Equipment Installers and Repairers",Y
3,29-2034.00,Radiologic Technologists and Technicians,Y
5,29-1224.00,Radiologists,Y
2,49-3043.00,Rail Car Repairers,Y
n/a,53-4099.00,"Rail Transportation Workers, All Other",
2,53-4013.00,"Rail Yard Engineers, Dinkey Operators, and Hostlers",Y
2,47-4061.00,Rail-Track Laying and Maintenance Equipment Operators,Y
2,53-4022.00,"Railroad Brake, Signal, and Switch Operators and Locomotive Firers",Y
2,53-4031.00,Railroad Conductors and Yardmasters,Y
4,19-1031.02,Range Managers,Y
4,41-9021.00,Real Estate Brokers,Y
3,41-9022.00,Real Estate Sales Agents,Y
2,43-4171.00,Receptionists and Information Clerks,Y
5,25-1193.00,"Recreation and Fitness Studies Teachers, Postsecondary",Y
4,39-9032.00,Recreation Workers,Y
4,29-1125.00,Recreational Therapists,Y
2,49-3092.00,Recreational Vehicle Service Technicians,Y
2,53-7062.04,Recycling and Reclamation Workers,Y
2,53-1042.01,Recycling Coordinators,Y
2,49-9045.00,"Refractory Materials Repairers, Except Brickmasons",Y
2,53-7081.00,Refuse and Recyclable Material Collectors,Y
4,29-1141.00,Registered Nurses,Y
4,11-9199.01,Regulatory Affairs Managers,Y
4,13-1041.07,Regulatory Affairs Specialists,Y
4,21-1015.00,Rehabilitation Counselors,Y
2,47-2171.00,Reinforcing Iron and Rebar Workers,Y
n/a,21-2099.00,"Religious Workers, All Other",
5,19-2099.01,Remote Sensing Scientists and Technologists,Y
4,19-4099.03,Remote Sensing Technicians,Y
2,43-4181.00,Reservation and Transportation Ticket Agents and Travel Clerks,Y
3,39-9041.00,Residential Advisors,Y
3,29-1126.00,Respiratory Therapists,Y
2,33-9099.02,Retail Loss Prevention Specialists,Y
2,41-2031.00,Retail Salespersons,Y
2,49-9096.00,Riggers,Y
4,17-2199.08,Robotics Engineers,Y
3,17-3024.01,Robotics Technicians,Y
1,47-5051.00,"Rock Splitters, Quarry",Y
2,51-4023.00,"Rolling Machine Setters, Operators, and Tenders, Metal and Plastic",Y
2,47-5043.00,"Roof Bolters, Mining",Y
2,47-2181.00,Roofers,Y
2,47-5012.00,"Rotary Drill Operators, Oil and Gas",Y
1,47-5071.00,"Roustabouts, Oil and Gas",Y
2,53-5011.00,Sailors and Marine Oilers,Y
n/a,41-9099.00,"Sales and Related Workers, All Other",
4,41-9031.00,Sales Engineers,Y
4,11-2022.00,Sales Managers,Y
2,41-3091.00,"Sales Representatives of Services, Except Advertising, Insurance, Financial Services, and Travel",Y
4,41-4012.00,"Sales Representatives, Wholesale and Manufacturing, Except Technical and Scientific Products",Y
4,41-4011.00,"Sales Representatives, Wholesale and Manufacturing, Technical and Scientific Products",Y
2,51-7041.00,"Sawing Machine Setters, Operators, and Tenders, Wood",Y
2,33-9094.00,School Bus Monitors,Y
5,19-3034.00,School Psychologists,Y
4,13-1161.01,Search Marketing Strategists,Y
4,25-2031.00,"Secondary School Teachers, Except Special and Career/Technical Education",Y
2,43-6014.00,"Secretaries and Administrative Assistants, Except Legal, Medical, and Executive",Y
4,41-3031.00,"Securities, Commodities, and Financial Services Sales Agents",Y
3,49-2098.00,Security and Fire Alarm Systems Installers,Y
2,33-9032.00,Security Guards,Y
4,13-1199.07,Security Management Specialists,Y
4,11-3013.01,Security Managers,Y
2,47-4091.00,Segmental Pavers,Y
3,25-3021.00,Self-Enrichment Teachers,Y
2,51-9141.00,Semiconductor Processing Technicians,Y
2,51-9012.00,"Separating, Filtering, Clarifying, Precipitating, and Still Machine Setters, Operators, and Tenders",Y
1,47-4071.00,Septic Tank Servicers and Sewer Pipe Cleaners,Y
2,47-5013.00,"Service Unit Operators, Oil and Gas",Y
5,27-1027.00,Set and Exhibit Designers,Y
2,51-6051.00,"Sewers, Hand",Y
1,51-6031.00,Sewing Machine Operators,Y
2,39-5093.00,Shampooers,Y
2,47-2211.00,Sheet Metal Workers,Y
3,53-5031.00,Ship Engineers,Y
2,43-5071.00,"Shipping, Receiving, and Inventory Clerks",Y
2,51-6041.00,Shoe and Leather Workers and Repairers,Y
2,51-6042.00,Shoe Machine Operators and Tenders,Y
2,53-3053.00,Shuttle Drivers and Chauffeurs,Y
3,49-9097.00,Signal and Track Switch Repairers,Y
3,39-5094.00,Skincare Specialists,Y
2,51-3023.00,Slaughterers and Meat Packers,Y
4,11-9151.00,Social and Community Service Managers,Y
4,21-1093.00,Social and Human Service Assistants,Y
4,19-4061.00,Social Science Research Assistants,Y
n/a,25-1069.00,"Social Sciences Teachers, Postsecondary, All Other",
n/a,19-3099.00,"Social Scientists and Related Workers, All Other",
5,25-1113.00,"Social Work Teachers, Postsecondary",Y
n/a,21-1029.00,"Social Workers, All Other",
5,19-3041.00,Sociologists,Y
5,25-1067.00,"Sociology Teachers, Postsecondary",Y
4,15-1252.00,Software Developers,Y
4,15-1253.00,Software Quality Assurance Analysts and Testers,Y
5,19-1013.00,Soil and Plant Scientists,Y
3,47-1011.03,Solar Energy Installation Managers,Y
4,17-2199.11,Solar Energy Systems Engineers,Y
2,47-2231.00,Solar Photovoltaic Installers,Y
3,41-4011.07,Solar Sales Representatives and Assessors,Y
3,47-2152.04,Solar Thermal Installers and Technicians,Y
3,27-4014.00,Sound Engineering Technicians,Y
3,11-9179.02,Spa Managers,Y
n/a,25-2059.00,"Special Education Teachers, All Other",
4,25-2056.00,"Special Education Teachers, Elementary School",Y
4,25-2055.00,"Special Education Teachers, Kindergarten",Y
4,25-2057.00,"Special Education Teachers, Middle School",Y
5,25-2051.00,"Special Education Teachers, Preschool",Y
4,25-2058.00,"Special Education Teachers, Secondary School",Y
4,27-1014.00,Special Effects Artists and Animators,Y
n/a,55-3018.00,Special Forces,
n/a,55-1017.00,Special Forces Officers,
5,29-1127.00,Speech-Language Pathologists,Y
3,31-9099.01,Speech-Language Pathology Assistants,Y
5,29-1229.06,Sports Medicine Physicians,Y
3,51-8021.00,Stationary Engineers and Boiler Operators,Y
4,43-9111.00,Statistical Assistants,Y
5,15-2041.00,Statisticians,Y
2,53-7065.00,Stockers and Order Fillers,Y
2,51-9195.03,"Stone Cutters and Carvers, Manufacturing",Y
3,47-2022.00,Stonemasons,Y
2,47-2221.00,Structural Iron and Steel Workers,Y
3,51-2041.00,Structural Metal Fabricators and Fitters,Y
5,21-1011.00,Substance Abuse and Behavioral Disorder Counselors,Y
4,25-3031.00,"Substitute Teachers, Short-Term",Y
2,53-4041.00,Subway and Streetcar Operators,Y
4,11-3071.04,Supply Chain Managers,Y
n/a,29-1249.00,"Surgeons, All Other",
3,29-9093.00,Surgical Assistants,Y
3,29-2055.00,Surgical Technologists,Y
5,19-3022.00,Survey Researchers,Y
3,17-3031.00,Surveying and Mapping Technicians,Y
4,17-1022.00,Surveyors,Y
4,13-1199.05,Sustainability Specialists,Y
2,43-2011.00,"Switchboard Operators, Including Answering Service",Y
2,51-6052.00,"Tailors, Dressmakers, and Custom Sewers",Y
4,27-2012.04,Talent Directors,Y
2,53-7121.00,"Tank Car, Truck, and Ship Loaders",Y
2,47-2082.00,Tapers,Y
3,13-2081.00,"Tax Examiners and Collectors, and Revenue Agents",Y
3,13-2082.00,Tax Preparers,Y
2,53-3054.00,Taxi Drivers,Y
n/a,25-3099.00,"Teachers and Instructors, All Other",
n/a,25-9049.00,"Teaching Assistants, All Other",
5,25-9044.00,"Teaching Assistants, Postsecondary",Y
3,25-9042.00,"Teaching Assistants, Preschool, Elementary, Middle, and Secondary School, Except Special Education",Y
3,25-9043.00,"Teaching Assistants, Special Education",Y
2,51-2092.00,Team Assemblers,Y
4,27-3042.00,Technical Writers,Y
3,15-1241.01,Telecommunications Engineering Specialists,Y
3,49-2022.00,"Telecommunications Equipment Installers and Repairers, Except Line Installers",Y
2,49-9052.00,Telecommunications Line Installers and Repairers,Y
2,41-9041.00,Telemarketers,Y
2,43-2021.00,Telephone Operators,Y
2,43-3071.00,Tellers,Y
2,47-2053.00,Terrazzo Workers and Finishers,Y
2,51-6061.00,Textile Bleaching and Dyeing Machine Operators and Tenders,Y
2,51-6062.00,"Textile Cutting Machine Setters, Operators, and Tenders",Y
2,51-6063.00,"Textile Knitting and Weaving Machine Setters, Operators, and Tenders",Y
2,51-6064.00,"Textile Winding, Twisting, and Drawing Out Machine Setters, Operators, and Tenders",Y
n/a,51-6099.00,"Textile, Apparel, and Furnishings Workers, All Other",
n/a,29-1129.00,"Therapists, All Other",
2,47-2044.00,Tile and Stone Setters,Y
2,51-2061.00,Timing Device Assemblers and Adjusters,Y
2,51-9197.00,Tire Builders,Y
2,49-3093.00,Tire Repairers and Changers,Y
2,23-2093.00,"Title Examiners, Abstractors, and Searchers",Y
3,51-4111.00,Tool and Die Makers,Y
2,51-4194.00,"Tool Grinders, Filers, and Sharpeners",Y
3,39-7011.00,Tour Guides and Escorts,Y
3,53-6041.00,Traffic Technicians,Y
4,11-3131.00,Training and Development Managers,Y
4,13-1151.00,Training and Development Specialists,Y
3,33-3052.00,Transit and Railroad Police,Y
4,17-2051.01,Transportation Engineers,Y
4,53-6051.00,Transportation Inspectors,Y
4,19-3099.01,Transportation Planners,Y
2,33-9093.00,Transportation Security Screeners,Y
2,53-6051.07,"Transportation Vehicle, Equipment and Systems Inspectors, Except Aviation",Y
n/a,53-6099.00,"Transportation Workers, All Other",
4,11-3071.00,"Transportation, Storage, and Distribution Managers",Y
3,41-3041.00,Travel Agents,Y
2,39-7012.00,Travel Guides,Y
4,11-3031.01,Treasurers and Controllers,Y
2,37-3013.00,Tree Trimmers and Pruners,Y
3,25-3041.00,Tutors,Y
2,27-2023.00,"Umpires, Referees, and Other Sports Officials",Y
n/a,47-5049.00,"Underground Mining Machine Operators, All Other",
2,51-6093.00,Upholsterers,Y
5,19-3051.00,Urban and Regional Planners,Y
5,29-1229.03,Urologists,Y
2,39-3031.00,"Ushers, Lobby Attendants, and Ticket Takers",Y
4,17-2112.02,Validation Engineers,Y
5,29-1131.00,Veterinarians,Y
2,31-9096.00,Veterinary Assistants and Laboratory Animal Caretakers,Y
3,29-2056.00,Veterinary Technologists and Technicians,Y
4,15-1255.01,Video Game Designers,Y
2,35-3031.00,Waiters and Waitresses,Y
3,49-9064.00,Watch and Clock Repairers,Y
3,51-8031.00,Water and Wastewater Treatment Plant and System Operators,Y
4,11-9121.02,Water Resource Specialists,Y
4,17-2051.02,Water/Wastewater Engineers,Y
2,47-4099.03,Weatherization Installers and Technicians,Y
4,15-1299.01,Web Administrators,Y
4,15-1255.00,Web and Digital Interface Designers,Y
3,15-1254.00,Web Developers,Y
2,43-5111.00,"Weighers, Measurers, Checkers, and Samplers, Recordkeeping",Y
2,51-4121.00,"Welders, Cutters, Solderers, and Brazers",Y
2,51-4122.00,"Welding, Soldering, and Brazing Machine Setters, Operators, and Tenders",Y
2,53-7073.00,Wellhead Pumpers,Y
3,13-1022.00,"Wholesale and Retail Buyers, Except Farm Products",Y
4,11-9199.10,Wind Energy Development Managers,Y
4,17-2199.10,Wind Energy Engineers,Y
3,11-9199.09,Wind Energy Operations Managers,Y
3,49-9081.00,Wind Turbine Service Technicians,Y
n/a,51-7099.00,"Woodworkers, All Other",
2,51-7042.00,"Woodworking Machine Setters, Operators, and Tenders, Except Sawing",Y
2,43-9022.00,Word Processors and Typists,Y
4,27-3043.00,Writers and Authors,Y
5,19-1023.00,Zoologists and Wildlife Biologists,Y
